{"Left":845.77215189873425,"Top":136.70886075949369,"Width":943.59493670886081,"Height":683.54430379746839}