{"Left":1021.9746835443038,"Top":166.48101265822785,"Width":944.20253164556959,"Height":555.94936708860757}