{"Left":908.96202531645577,"Top":184.10126582278482,"Width":944.20253164556959,"Height":458.126582278481}