{"Left":193.82278481012659,"Top":60.75949367088608,"Width":971.54430379746839,"Height":787.44303797468353}