{"Left":682.9367088607595,"Top":139.13924050632912,"Width":967.89873417721526,"Height":896.81012658227849}