{"Left":-196.0,"Top":140.0,"Width":1034.6666666666665,"Height":847.33333333333326}